nct_id,title,conditions,status,phase,start_date,completion_date,months_since_completion,enrollment,sponsor_name,sponsor_class,results_posted,registry_url
NCT03688685,A Clinical Study to Evaluate CAD-1883 in Essential Tremor,Essential Tremor,COMPLETED,PHASE2,2019-01-23,2019-09-24,84,25,Cadent Therapeutics,INDUSTRY,yes,https://clinicaltrials.gov/study/NCT03688685
NCT02346409,Cerebello-thalamo-cortical Coupling in Essential Tremor,Essential Tremor,COMPLETED,NA,2015-02-04,2018-02-16,103,20,"Institut National de la Santé Et de la Recherche Médicale, France",OTHER_GOV,no,https://clinicaltrials.gov/study/NCT02346409
NCT01441284,Efficacy of Pramipexole Extended Release in the Treatment of Essential Tremor,Essential Tremor,WITHDRAWN,PHASE3,2017-12,2018-12,93,,University of Pecs,OTHER,no,https://clinicaltrials.gov/study/NCT01441284
NCT02629614,Cala ONE Device for Essential Tremor,Essential Tremor,COMPLETED,NA,2016-04,2016-11,118,93,"Cala Health, Inc.",INDUSTRY,yes,https://clinicaltrials.gov/study/NCT02629614
NCT03875404,Next-Generation Pre-Operative Targeting for Thalamic DBS in the Treatment of Tremor,Essential Tremor,COMPLETED,NA,2019-03-20,2021-02-12,67,9,Mayo Clinic,OTHER,no,https://clinicaltrials.gov/study/NCT03875404
NCT00608231,Dexmedetomidine Effects on Microelectrode Recording in Deep Brain Stimulation,Parkinson's Disease; Essential Tremor; Dystonia,WITHDRAWN,PHASE2|PHASE3,2008-01,2012-01,176,,Vanderbilt University,OTHER,no,https://clinicaltrials.gov/study/NCT00608231
NCT00524056,A Proof of Concept Study of the Effectiveness of Carisbamate in the Treatment of Essential Tremor,"Essential Tremor, Movement Disorders",COMPLETED,PHASE2,2007-08,2008-03,222,62,"SK Life Science, Inc.",INDUSTRY,no,https://clinicaltrials.gov/study/NCT00524056
NCT06174948,The Use of the CUE1/CUE1+ in People With Parkinson's Disease and Related Disorders,Parkinson's Disease and Parkinsonism; Progressive Supranuclear Palsy; Different Types of Tremor Including Essential Tremor; Dystonia; Multiple System Atrophy; Corticobasal Degeneration; Vascular Parkinsonism; Orthostatic Tremor,RECRUITING,NA,2024-03-25,2025-03-31,18,70,Queen Mary University of London,OTHER,no,https://clinicaltrials.gov/study/NCT06174948
NCT06087276,"Essential 3 - Decentralized, Phase 3 Study Evaluating the Safety and Efficacy of Ulixacaltamide in Essential Tremor (ET)",Essential Tremor,ACTIVE_NOT_RECRUITING,PHASE3,2023-11-02,2028-07,-22,1000,Praxis Precision Medicines,INDUSTRY,no,https://clinicaltrials.gov/study/NCT06087276
NCT00616343,Zonisamide in the Treatment of Essential Tremor,Essential Tremor,TERMINATED,NA,2003-06,2012-12,165,9,Loma Linda University,OTHER,yes,https://clinicaltrials.gov/study/NCT00616343
NCT01304758,ExAblate Transcranial MR Guided Focused Ultrasound in the Treatment of Essential Tremor,Essential Tremor,COMPLETED,PHASE1,2011-01,2012-10,167,15,InSightec,INDUSTRY,no,https://clinicaltrials.gov/study/NCT01304758
NCT02443181,Demand-driven Management of Essential Tremor,Essential Tremor,COMPLETED,NA,2015-02,2022-02,55,5,University of Washington,OTHER,no,https://clinicaltrials.gov/study/NCT02443181
NCT06403280,The Effect of Alcohol on Common Tremor Syndromes,Essential Tremor; Dystonia; Parkinson Disease,COMPLETED,NA,2024-05-01,2026-03-31,6,45,Medical University of Graz,OTHER,no,https://clinicaltrials.gov/study/NCT06403280
NCT02252380,ExAblate Transcranial MRgFUS for the Management of Treatment-Refractory Movement Disorders,Movement Disorders; Essential Tremor; Holmes Tremor; Parkinson's Disease; Wilson's Disease; Huntington's Disease; Dystonia; Tardive Dyskinesia; Orofacial Dyskinesias,ACTIVE_NOT_RECRUITING,NA,2015-05,2026-12,-3,10,InSightec,INDUSTRY,no,https://clinicaltrials.gov/study/NCT02252380
NCT02668146,An Efficacy/Safety Study of Perampanel for Reducing Essential Tremor,Essential Tremor,UNKNOWN,PHASE2,2015-10,2017-06,111,16,VA Greater Los Angeles Healthcare System,FED,no,https://clinicaltrials.gov/study/NCT02668146
NCT07066358,Simultaneous Bilateral Radiofrequency Thalamotomy for Medication-Refractory Essential Tremor,Essential Tremor,RECRUITING,NA,2025-07-03,2026-12,-3,5,Tokyo Women's Medical University,OTHER,no,https://clinicaltrials.gov/study/NCT07066358
NCT06676501,A Study to Evaluate the Safety and Efficacy of Staged Bilateral Magnetic Resonance-Guided Focused Ultrasound Thalamotomy for the Treatment of Essential Tremor,"Essential Tremor; Essential Tremor, Movement Disorders",ENROLLING_BY_INVITATION,NA,2024-09-26,2026-11-01,-2,20,Chinese PLA General Hospital,OTHER,no,https://clinicaltrials.gov/study/NCT06676501
NCT04720469,A Second Magnetic Resonance Guided Focused Ultrasound Thalamotomy for Essential Tremor,Essential Tremor,COMPLETED,NA,2020-10-05,2024-03-18,30,11,Sunnybrook Health Sciences Centre,OTHER,no,https://clinicaltrials.gov/study/NCT04720469
NCT04509349,Alternating Current Stimulation for Essential Tremor,Essential Tremor,UNKNOWN,NA,2020-10-01,2022-08,49,30,University of Calgary,OTHER,no,https://clinicaltrials.gov/study/NCT04509349
NCT03780426,tSMS in Essential Tremor,Essential Tremor,COMPLETED,PHASE2,2018-10-01,2019-12-01,81,30,Fundación de investigación HM,OTHER,no,https://clinicaltrials.gov/study/NCT03780426
NCT00584376,Pregabalin (Lyrica) for the Treatment of Essential Tremor,Essential Tremor,COMPLETED,PHASE4,2007-12,2010-11,190,29,University of South Florida,OTHER,no,https://clinicaltrials.gov/study/NCT00584376
NCT05214313,Impact of a Standardized Music Therapy Protocol on the Quality of Life of Patients With Abnormal Movements Treated With Continuous Electrical Neuromodulation,Dystonia; Parkinson Disease; Essential Tremor,TERMINATED,NA,2022-03-03,2023-09-14,36,21,"University Hospital, Montpellier",OTHER,no,https://clinicaltrials.gov/study/NCT05214313
NCT06325852,Directional Bilateral Thalamic Patterned Stimulation (Chronos),Essential Tremor,RECRUITING,NA,2024-07-16,2027-01-01,-4,15,Alfonso Fasano,OTHER,no,https://clinicaltrials.gov/study/NCT06325852
NCT01334814,Chronic Versus Intermittent Deep Brain Stimulation for Essential Tremor,Essential Tremor,COMPLETED,NA,2002-01,2010-01,200,8,Mayo Clinic,OTHER,no,https://clinicaltrials.gov/study/NCT01334814
NCT07484152,Motor and Non-Motor Effects of Low-Intensity Focused Ultrasound (LIFU) as a Neuromodulation Tool in Essential Tremor,Essential Tremor (ET),NOT_YET_RECRUITING,PHASE1|PHASE2,2026-03-17,2028-12-10,-27,20,University of Sao Paulo General Hospital,OTHER,no,https://clinicaltrials.gov/study/NCT07484152
NCT06312800,Acamprosate and Methazolamide for Essential Tremor,Essential Tremor,WITHDRAWN,PHASE2,2016-03,2017-12,105,,Henry Ford Health System,OTHER,no,https://clinicaltrials.gov/study/NCT06312800
NCT02909907,Comparison of Botulinum Toxin Injections in Forearm FLexor Plus EXtensor Muscles vs. Flexor Muscles Alone for Treatment of Essential Hand Tremor(FLEX-D ET),Essential Tremor,COMPLETED,NA,2016-08,2018-02-28,103,21,The Cleveland Clinic,OTHER,yes,https://clinicaltrials.gov/study/NCT02909907
NCT06932692,The BRAINMAP-DBS Study: BRain Network AnalysIs usiNg 7-Tesla MRI and MAgnetoencephalograPhy for Deep Brain Stimulation,Deep Brain Stimulation; Parkinson Disease; Essential Tremor; Magnetoencephalography (MEG); MRI,RECRUITING,NA,2024-04-23,2035-12-31,-111,500,Academisch Medisch Centrum - Universiteit van Amsterdam (AMC-UvA),OTHER,no,https://clinicaltrials.gov/study/NCT06932692
NCT02894567,Evaluation of Directional Recording and Stimulation Using spiderSTN,Parkinson's Disease; Essential Tremor,TERMINATED,NA,2016-09,2017-02,115,6,Aleva Neurotherapeutics SA,INDUSTRY,no,https://clinicaltrials.gov/study/NCT02894567
NCT07078422,Home Use Study of Targeted Mechanical Stimulation for Tremor Relief,Essential Tremor; Parkinson&#39;s Disease,RECRUITING,NA,2025-01-01,2026-06,3,80,"Encora, Inc.",INDUSTRY,no,https://clinicaltrials.gov/study/NCT07078422
NCT04957095,Motor Network Physiology,Parkinson Disease; Essential Tremor,RECRUITING,NA,2022-02-18,2028-12-01,-27,120,University of Texas Southwestern Medical Center,OTHER,no,https://clinicaltrials.gov/study/NCT04957095
NCT05968976,Multicentre RCT of Awake Versus Asleep Tractography Based DBS for ET,Essential Tremor; Deep Brain Stimulation; Diffusion Tensor Imaging; Magnetic Resonance; Central Nervous System Diseases,RECRUITING,NA,2024-02-01,2028-07-01,-22,110,Academisch Medisch Centrum - Universiteit van Amsterdam (AMC-UvA),OTHER,no,https://clinicaltrials.gov/study/NCT05968976
NCT07774598,Non-Invasive Neuromodulation for Essential Tremor: Long-Term Safety and Effectiveness Study,Essential Tremor,RECRUITING,NA,2025-12-15,2027-06-15,-9,50,Ruijin Hospital,OTHER,no,https://clinicaltrials.gov/study/NCT07774598
NCT07526155,Clinical Trial to Compare VIM vs PSA Bilateral Deep Brain Stimulation in Patients With Essential Tremor,Essential Tremor (ET),COMPLETED,NA,2020-05-27,2024-07-24,26,11,Fundación Pública Andaluza para la Investigación Biomédica Andalucía Oriental,OTHER,no,https://clinicaltrials.gov/study/NCT07526155
NCT05540626,RWE Study Utilizing the Cala Trio Device in Patients With Essential Tremor,Essential Tremor,COMPLETED,NA,2021-04-08,2024-03-01,30,276,"Cala Health, Inc.",INDUSTRY,no,https://clinicaltrials.gov/study/NCT05540626
NCT02052271,Experimental Therapeutics in Essential Tremor Using Cerebellar Transcranial Direct Current Stimulation,Essential Tremor,COMPLETED,NA,2014-06-03,2018-03-27,102,16,"Institut National de la Santé Et de la Recherche Médicale, France",OTHER_GOV,no,https://clinicaltrials.gov/study/NCT02052271
NCT06635811,Circadian Adaptive DBS in Essential Tremor,"Essential Tremor; Essential Tremor (ET); Essential Tremor, Movement Disorders",RECRUITING,NA,2025-05-01,2029-10,-37,25,University of Florida,OTHER,no,https://clinicaltrials.gov/study/NCT06635811
NCT07446192,Magnetoencephalography (MEG) Pilot Study,Essential Tremor,RECRUITING,NA,2026-02-17,2027-08,-11,10,University of Florida,OTHER,no,https://clinicaltrials.gov/study/NCT07446192
NCT03305588,RAD 1601: EDGE Radiosurgery for Intractable Essential Tremor and Tremor-Dominant Parkinson's Disease,Essential Tremor; Parkinson Disease,ACTIVE_NOT_RECRUITING,NA,2017-12-05,2026-09-01,0,40,University of Alabama at Birmingham,OTHER,no,https://clinicaltrials.gov/study/NCT03305588
NCT07056361,Stimulating Specific Brain Areas (VOP/VIM) With Electricity to Improve Movement and Muscle Control,"Movement Disorders (Incl Parkinsonism); Stroke; Traumatic Brain Injury; Brain Diseases; Parkinson Disease; Essential Tremor, Movement Disorders",RECRUITING,NA,2022-12-16,2030-12-31,-51,60,Jorge Gonzalez-Martinez,OTHER,no,https://clinicaltrials.gov/study/NCT07056361
NCT03560622,Functional Neuroimaging Feedback for Focused Ultrasound Thalamotomy,Essential Tremor,ACTIVE_NOT_RECRUITING,NA,2018-09-01,2021-12-31,57,30,Vibhor Krishna,OTHER,no,https://clinicaltrials.gov/study/NCT03560622
NCT04260971,Cyclic Deep Brain Stimulation in Essential Tremor,Essential Tremor,UNKNOWN,NA,2020-02-25,2022-12-31,45,15,King's College Hospital NHS Trust,OTHER,no,https://clinicaltrials.gov/study/NCT04260971
NCT06899022,Attention and Eye Movement in Parkinson's Disease,Essential Tremor; Parkinson&#39;s Disease (PD); Dystonias,RECRUITING,NA,2025-09-22,2028-08,-23,138,University of Nebraska,OTHER,no,https://clinicaltrials.gov/study/NCT06899022
NCT03152136,A Pilot Study of the Cala ONE Device for Essential Tremor,Essential Tremor,COMPLETED,NA,2017-07-26,2018-03-08,102,62,"Cala Health, Inc.",INDUSTRY,yes,https://clinicaltrials.gov/study/NCT03152136
NCT01698450,Magnetic Resonance (MR) Guided Functional Ultrasound-Neurosurgery for Movement Disorders,Essential Tremor; Dystonia; Parkinson's Disease,COMPLETED,PHASE1,2012-11,2013-12,153,10,"University Children's Hospital, Zurich",OTHER,no,https://clinicaltrials.gov/study/NCT01698450
NCT07344194,Dual-Site Transcranial Magnetic Stimulation of the Supplementary Motor Area and Cerebellum for the Treatment of Essential Tremor.,Essential Tremor,RECRUITING,PHASE1|PHASE2,2026-01-15,2027-01,-4,36,São Paulo State University,OTHER,no,https://clinicaltrials.gov/study/NCT07344194
NCT05089786,Echo-Focusing in Patients With Treatment-Resistant Neurologic and Psychiatric Indications (EF001),Essential Tremor; Neurology,WITHDRAWN,NA,2022-12-31,2025-02-28,19,,InSightec,INDUSTRY,no,https://clinicaltrials.gov/study/NCT05089786
NCT04766723,A Study to Investigate the Efficacy and Safety of NT 201 (Botulinum Toxin) Compared With Placebo for the Treatment of Adult Participants With Essential Tremor in the Arm,Essential Tremor of the Upper Limb,COMPLETED,PHASE2,2021-02-24,2023-11-21,34,78,Merz Pharmaceuticals GmbH,INDUSTRY,yes,https://clinicaltrials.gov/study/NCT04766723
NCT05976074,A Study of Wearable Device in Essential Tremor Patients,Essential Tremor,ENROLLING_BY_INVITATION,NA,2023-07-07,2026-08,1,50,Mayo Clinic,OTHER,no,https://clinicaltrials.gov/study/NCT05976074
NCT05308368,Analysis and Suppression of Tremor During Grasp Using Ultrasound Imaging and Electrical Stimulation,Parkinson Disease; Essential Tremor,COMPLETED,NA,2021-04-11,2025-07-31,14,12,North Carolina State University,OTHER,yes,https://clinicaltrials.gov/study/NCT05308368
NCT03795935,Relief From Side Effects: Clinical Use of Electrodes With Direction,Deep Brain Stimulation; Directional Lead; Essential Tremor,UNKNOWN,NA,2018-09-17,2019-08-01,85,6,University of British Columbia,OTHER,no,https://clinicaltrials.gov/study/NCT03795935
NCT06821906,Stereotactic Radiosurgery in the Treatment of Essential Tremor,Essential Tremor,RECRUITING,PHASE2,2024-12-16,2030-05,-44,42,Maria Sklodowska-Curie National Research Institute of Oncology,OTHER,no,https://clinicaltrials.gov/study/NCT06821906
NCT04661241,Mapping the Target for the MRgFUS Treatment of Tremor,"Tremor, Essential; Parkinson's Disease",COMPLETED,NA,2020-09-10,2022-06-15,51,6,NYU Langone Health,OTHER,no,https://clinicaltrials.gov/study/NCT04661241
NCT02277106,Evaluate SAGE-547 in Participants With Essential Tremor,Essential Tremor,COMPLETED,PHASE2,2014-09-23,2015-08-14,133,25,Sage Therapeutics,INDUSTRY,yes,https://clinicaltrials.gov/study/NCT02277106
NCT04748640,Bilateral Essential Tremor Treatment With Gamma Knife,Essential Tremor,RECRUITING,PHASE2|PHASE3,2021-06-08,2026-10,-1,50,Université de Sherbrooke,OTHER,no,https://clinicaltrials.gov/study/NCT04748640
NCT06428526,Impact of Sensory Electrical Stimulation on Sensation and Tremor,Essential Tremor; Healthy Individuals,SUSPENDED,NA,2025-01-24,2026-07-15,2,40,Shirley Ryan AbilityLab,OTHER,no,https://clinicaltrials.gov/study/NCT06428526
NCT03805750,Trial of Cannabis for Essential Tremor,Essential Tremor,COMPLETED,PHASE1|PHASE2,2019-01-22,2020-11-30,70,7,"University of California, San Diego",OTHER,yes,https://clinicaltrials.gov/study/NCT03805750
NCT05956223,The Development of a System for Measurement of Tremor,Essential Tremor; Dystonia,COMPLETED,NA,2023-11-30,2024-11-20,22,43,The Bionics Institute of Australia,OTHER,no,https://clinicaltrials.gov/study/NCT05956223
NCT06397391,Nonlinear Absorber in Essential Tremor Treatment,Essential Tremor,COMPLETED,NA,2024-08-30,2025-04-04,17,5,Hospices Civils de Lyon,OTHER,no,https://clinicaltrials.gov/study/NCT06397391
NCT00001986,1-Octanol to Treat Essential Tremor,Essential Tremor,COMPLETED,PHASE1,2000-01,2001-01,308,12,National Institute of Neurological Disorders and Stroke (NINDS),NIH,no,https://clinicaltrials.gov/study/NCT00001986
NCT05387642,A Clinical Trial of PRAX-114 in Participants With Essential Tremor,Essential Tremor,WITHDRAWN,PHASE2,2022-04-05,2022-06-30,51,,Praxis Precision Medicines,INDUSTRY,no,https://clinicaltrials.gov/study/NCT05387642
NCT05480215,Symptomatic Relief of Action Tremor With Cala Trio Using Trio+ Bands,Essential Tremor; Parkinson Disease,COMPLETED,NA,2021-10-07,2021-12-16,57,20,"Cala Health, Inc.",INDUSTRY,no,https://clinicaltrials.gov/study/NCT05480215
NCT02491554,Deep braIn Stimulation for Tremor TractographIC Versus Traditional,Essential Tremor,UNKNOWN,NA,2015-08,2022-06-30,51,24,University Hospital Freiburg,OTHER,no,https://clinicaltrials.gov/study/NCT02491554
NCT06314139,Tolerability and Efficacy of Continuous Theta-burst Stimulation for Essential Tremor: A Randomized Study.,Essential Tremor; Continuous Theta Burst Stimulation,COMPLETED,NA,2022-09-01,2023-06-01,39,60,West China Hospital,OTHER,no,https://clinicaltrials.gov/study/NCT06314139
NCT05897775,Coordinated Reset Deep Brain Stimulation for Essential Tremor,Essential Tremor; Upper Extremity Essential Tremor,RECRUITING,PHASE1,2023-09-11,2028-12-31,-27,23,University of Minnesota,OTHER,no,https://clinicaltrials.gov/study/NCT05897775
NCT03832712,The Swedish Essential Tremor (SWEET) Trial,Essential Tremor,RECRUITING,NA,2018-06-30,2027-01-30,-4,100,Karolinska Institutet,OTHER,no,https://clinicaltrials.gov/study/NCT03832712
NCT03101241,A Phase 2 RCT Study of CX-8998 for Essential Tremor,Essential Tremor,COMPLETED,PHASE2,2017-08-29,2018-07-16,98,95,Jazz Pharmaceuticals,INDUSTRY,yes,https://clinicaltrials.gov/study/NCT03101241
NCT05101161,Neurofeedback Using Implanted Deep Brain Stimulation Electrodes,Parkinson Disease; Epilepsy; Essential Tremor,RECRUITING,NA,2021-09-23,2028-09-23,-24,50,ETH Zurich,OTHER,no,https://clinicaltrials.gov/study/NCT05101161
NCT06235190,Assessment of the Safety and Efficacy of the Felix NeuroAI Wristband in Essential Tremor,Essential Tremor,COMPLETED,NA,2024-02-27,2025-11-06,10,125,Fasikl Inc.,INDUSTRY,yes,https://clinicaltrials.gov/study/NCT06235190
NCT03025529,Transcranial Stimulation for Essential Tremor,Essential Tremor,TERMINATED,NA,2015-02,2016-11-28,118,8,Beth Israel Deaconess Medical Center,OTHER,no,https://clinicaltrials.gov/study/NCT03025529
NCT00223743,A Safety/Efficacy Trial of Zonisamide for Essential Tremor,Essential Tremor,COMPLETED,PHASE2,2004-11,,,25,VA Greater Los Angeles Healthcare System,FED,no,https://clinicaltrials.gov/study/NCT00223743
NCT00655278,T2000 in Essential Tremor - Open Label Continuation,Essential Tremor,TERMINATED,PHASE2,2007-08,2009-12,201,5,"Sun Pharmaceutical Industries, Inc.",INDUSTRY,no,https://clinicaltrials.gov/study/NCT00655278
NCT00236496,A Comparison of the Efficacy and Safety of Topiramate Versus Placebo in Treating Tremor of Unknown Cause.,Essential Tremor,COMPLETED,PHASE3,2001-10,2004-02,271,223,"Johnson & Johnson Pharmaceutical Research & Development, L.L.C.",INDUSTRY,no,https://clinicaltrials.gov/study/NCT00236496
NCT00080366,Octanol to Treat Essential Tremor,Essential Tremor,COMPLETED,PHASE2,2004-03,2007-03,234,14,National Institute of Neurological Disorders and Stroke (NINDS),NIH,no,https://clinicaltrials.gov/study/NCT00080366
NCT00620165,Efficacy of Levetiracetam in Essential Tremor,Essential Tremor,COMPLETED,PHASE1|PHASE2,2005-01,2008-03,222,10,Southern California Institute for Research and Education,OTHER,no,https://clinicaltrials.gov/study/NCT00620165
NCT02037217,ExAblate Transcranial MR Guided Focused Ultrasound in the Treatment of Essential Tremor,Essential Tremor,COMPLETED,PHASE1,2011-02,2014-01,152,10,InSightec,INDUSTRY,no,https://clinicaltrials.gov/study/NCT02037217
NCT07508696,Cerebellar Research in Ultrasound Stimulation,Essential Tremor,NOT_YET_RECRUITING,NA,2026-06-01,2028-10-01,-25,60,KU Leuven,OTHER,no,https://clinicaltrials.gov/study/NCT07508696
NCT07049003,Deep Brain Stimulation of the Deep Cerebellar Nuclei for Refractory Tremor,Tremor; Essential Tremor,RECRUITING,PHASE1,2026-01-15,2029-12-31,-39,12,The Cleveland Clinic,OTHER,no,https://clinicaltrials.gov/study/NCT07049003
NCT07302867,Neuromodulation Strategies for Treatment-Resistant Essential Tremor Using Chronos™ DBS,Essential Tremor,NOT_YET_RECRUITING,NA,2026-04-01,2028-04-01,-19,5,University of British Columbia,OTHER,no,https://clinicaltrials.gov/study/NCT07302867
NCT05362448,Neurophysiologic Assessment of ET Patients Treated by Vim DBS,Essential Tremor,UNKNOWN,NA,2022-05-23,2022-11-01,46,20,University College London Hospitals,OTHER,no,https://clinicaltrials.gov/study/NCT05362448
NCT05106816,The Effects of Vibrotactile Stimulation in Patients With Movement Disorders,Parkinson Disease; Essential Tremor; Dystonia,COMPLETED,NA,2021-10-07,2022-09-20,48,40,University of Florida,OTHER,no,https://clinicaltrials.gov/study/NCT05106816
NCT03952117,Transcranial Direct Current Stimulation of the Motor Cortex in Essential Tremor,Essential Tremor; Transcranial Direct Current Stimulation,UNKNOWN,NA,2019-07-19,2021-10,59,40,Lebanese American University,OTHER,no,https://clinicaltrials.gov/study/NCT03952117
NCT02649166,Responsive Deep Brain Stimulator for Essential Tremor,Essential Tremor,ACTIVE_NOT_RECRUITING,NA,2017-02-01,2027-06-30,-9,20,University of Florida,OTHER,no,https://clinicaltrials.gov/study/NCT02649166
NCT05096572,DBS of Posterior Subthalamic Area (PSA) and Ventral Intermediate Nucleus (VIM) in Essential Tremor (ET),Essential Tremor,TERMINATED,NA,2021-11-30,2023-10-30,35,1,"St. Joseph's Hospital and Medical Center, Phoenix",OTHER,no,https://clinicaltrials.gov/study/NCT05096572
NCT03465761,Staged Bilateral Exablate Treatment of Medication Refractory Essential Tremor,Essential Tremor,COMPLETED,NA,2019-01-03,2025-11-17,10,7,InSightec,INDUSTRY,no,https://clinicaltrials.gov/study/NCT03465761
NCT01250067,Motor-related Cortical Potential in Patients With Essential Tremor,Essential Tremor; Movement-related Cortical Potentials,COMPLETED,NA,2003-08,,,,China Medical University Hospital,OTHER,no,https://clinicaltrials.gov/study/NCT01250067
NCT04074031,Transcranial Ultrasound Therapy of Essential Tremor,Essential Tremor,UNKNOWN,NA,2020-01-07,2024-10-04,23,15,Assistance Publique - Hôpitaux de Paris,OTHER,no,https://clinicaltrials.gov/study/NCT04074031
NCT04265209,[18F] LBT-999 PET Compared to [123I]-FP/CIT SPECT to Distinguish Between Parkinson's Diseases and Essential Tremor,Parkinson Disease; Essential Tremor,COMPLETED,PHASE3,2021-12-01,2024-08-02,25,152,GE Healthcare,INDUSTRY,no,https://clinicaltrials.gov/study/NCT04265209
NCT04727658,Linac FRACtionated Radiosurgical THALamotomie in Tremors (FRACTHAL),Essential Tremor; Parkinsonian Disorders,TERMINATED,PHASE2,2021-07-01,2024-06-20,27,9,Centre Hospitalier Universitaire de Nice,OTHER,no,https://clinicaltrials.gov/study/NCT04727658
NCT03597100,Prospective Study for Symptomatic Relief of ET With Cala Therapy,Essential Tremor,COMPLETED,NA,2018-12-14,2019-05-29,88,263,"Cala Health, Inc.",INDUSTRY,yes,https://clinicaltrials.gov/study/NCT03597100
NCT06847581,"JAME, a Wearable Device to Control Tremor",Parkinson Disease; Essential Tremor,COMPLETED,NA,2022-03-03,2022-10-10,47,14,"Fondazione IRCCS Ca' Granda, Ospedale Maggiore Policlinico",OTHER,no,https://clinicaltrials.gov/study/NCT06847581
NCT02255929,Gamma Knife Radiosurgery for Treatment of Essential Tremor,Essential Tremor,UNKNOWN,NA,2014-09,2023-12,33,183,Swedish Medical Center,OTHER,no,https://clinicaltrials.gov/study/NCT02255929
NCT02289560,Continued Access Protocol: ExAblate Transcranial MR Guided Focused Ultrasound for the Treatment of Essential Tremors,Essential Tremor,COMPLETED,NA,2015-04,2023-03-10,42,61,InSightec,INDUSTRY,yes,https://clinicaltrials.gov/study/NCT02289560
NCT07455760,Investigating Subcortical Contributions to Speech Sequencing in Deep Brain Stimulator Recipients,Parkinson's Disease (PD); Essential Tremor,RECRUITING,NA,2026-02-18,2030-08,-47,80,Boston University Charles River Campus,OTHER,no,https://clinicaltrials.gov/study/NCT07455760
NCT04283812,New Stereotactic Frame System for Neurosurgery,Parkinson Disease; Essential Tremor; Dystonia; Tourette Syndrome; Obsessive-Compulsive Disorder,WITHDRAWN,NA,2023-01,2023-06,39,,Mayo Clinic,OTHER,no,https://clinicaltrials.gov/study/NCT04283812
NCT07673107,Study of AGN-151607-DP to Assess Adverse Events and Change in Disease Activity in Adult Participants With Upper Limb Essential Tremor,Upper Limb Essential Tremor,RECRUITING,PHASE2,2026-06-18,2028-11,-26,94,AbbVie,INDUSTRY,no,https://clinicaltrials.gov/study/NCT07673107
NCT02711995,Essential Voice Tremor: A Study of Botulinum Toxin Treatment and Injection Augmentation,Essential Tremor,COMPLETED,NA,2015-12-15,2016-09-29,120,8,Weill Medical College of Cornell University,OTHER,yes,https://clinicaltrials.gov/study/NCT02711995
NCT00321087,A Study of T2000 in Essential Tremor,Essential Tremor,TERMINATED,PHASE2,2006-08,2007-12,225,10,"Sun Pharmaceutical Industries, Inc.",INDUSTRY,no,https://clinicaltrials.gov/study/NCT00321087
NCT02264925,"Thalamic LFPs and VIM DBS in Essential Tremor: Correlation, Evolution, and Therapeutic Perspectives",Essential Tremor,COMPLETED,NA,2014-11,2020-11-19,70,12,"University Hospital, Bordeaux",OTHER,no,https://clinicaltrials.gov/study/NCT02264925
NCT05021978,A Clinical Trial of PRAX-944 in Participants With Essential Tremor,Essential Tremor,COMPLETED,PHASE2,2020-03-03,2022-03-24,54,24,Praxis Precision Medicines,INDUSTRY,yes,https://clinicaltrials.gov/study/NCT05021978
NCT02553525,Effects of Stimulation Patterns of Deep Brain Stimulation,Parkinson Disease; Essential Tremor; Multiple Sclerosis; Dystonia,ENROLLING_BY_INVITATION,NA,2016-06-02,2027-03,-6,180,Duke University,OTHER,no,https://clinicaltrials.gov/study/NCT02553525
NCT04880616,"Safety, Efficacy, and Tolerability of NBI-827104 for the Treatment of Essential Tremor",Essential Tremor,COMPLETED,PHASE2,2021-04-20,2022-06-08,51,31,Neurocrine Biosciences,INDUSTRY,no,https://clinicaltrials.gov/study/NCT04880616
NCT05317390,Clinical Validation of DystoniaNet Deep Learning Platform for Diagnosis of Isolated Dystonia,Dystonia; Drug Induced Dystonia; Parkinson Disease; Essential Tremor; Dyskinesias; Myoclonus; Tic Disorders; Torticollis; Ulnar Nerve Entrapment; Temporomandibular Joint Disorders; Dysphonia,RECRUITING,NA,2022-06-01,2028-04-30,-19,1000,Massachusetts Eye and Ear Infirmary,OTHER,no,https://clinicaltrials.gov/study/NCT05317390
NCT04212780,Dual Lead Thalamic Deep Brain Recording (DBR)-DBS Interface for Closed Loop Control of Severe Essential Tremor,Essential Tremor,RECRUITING,NA,2019-12-24,2029-12-31,-39,10,University of Florida,OTHER,no,https://clinicaltrials.gov/study/NCT04212780
NCT01581580,Deep Brain Stimulation Surgery for Movement Disorders,Parkinson's Disease; Essential Tremor; Dystonia,RECRUITING,NA,2011-08-17,2029-12-01,-39,200,National Institute of Neurological Disorders and Stroke (NINDS),NIH,no,https://clinicaltrials.gov/study/NCT01581580
NCT02111369,Propranolol and Botulinum Toxin for Essential Vocal Tremor,Essential Vocal Tremor; Essential Voice Tremor; Essential Tremor; Voice Tremor; Vocal Tremor,COMPLETED,PHASE4,2014-05,2014-11,142,18,Emory University,OTHER,yes,https://clinicaltrials.gov/study/NCT02111369
NCT02551848,Kinematic-based BoNT-A Injections for Bilateral ET,Essential Tremor,UNKNOWN,PHASE2,2014-08,2021-12,57,25,"Western University, Canada",OTHER,no,https://clinicaltrials.gov/study/NCT02551848
NCT04725045,Investigating the Use of Complex Pulse Shapes for DBS in Movement Disorders,Parkinson Disease; Essential Tremor,COMPLETED,NA,2019-02-12,2022-04-14,53,28,KU Leuven,OTHER,no,https://clinicaltrials.gov/study/NCT04725045
NCT04758624,Elucidating the Temporality of Structural and Functional Connectivity Changes in Essential Tremor After Successful Deep Brain Stimulation to the Dentato-rubro-thalamic Tract,Essential Tremor,RECRUITING,NA,2021-12-04,2026-08-31,1,72,Northwell Health,OTHER,no,https://clinicaltrials.gov/study/NCT04758624
NCT06799923,Possibilities of Use MRI-Guided Laser Interstitial Thermal Therapy in Medically Intractable Tremor,Laser Interstitial Thermal Therapy; Parkinson Disease; Essential Tremor; Movement Disorders; MRI,RECRUITING,NA,2024-08-01,2026-04,5,15,"Centre Hospitalier Universitaire, Amiens",OTHER,no,https://clinicaltrials.gov/study/NCT06799923
NCT03562403,DBS in the Treatment of Intractable Movement Disorders,"Parkinson Disease, Essential Tremors and Dystonia",UNKNOWN,NA,2018-07,2019-07,86,16,Assiut University,OTHER,no,https://clinicaltrials.gov/study/NCT03562403
NCT06145932,Repetitive Transcranial Magnetic Stimulation Therapy in Essential Tremor,Essential Tremor,RECRUITING,NA,2023-11-07,2026-12-31,-3,40,Second Affiliated Hospital of Soochow University,OTHER,no,https://clinicaltrials.gov/study/NCT06145932
NCT05157321,Repetitive Transcranial Magnetic Stimulation in Essential Tremors Patients,Essential Tremor,COMPLETED,NA,2021-12-10,2022-04-30,53,30,Al-Azhar University,OTHER,no,https://clinicaltrials.gov/study/NCT05157321
NCT07016425,Temporal Interference for Essential Tremor,Essential Tremor,RECRUITING,NA,2025-06-09,2026-09-30,0,10,Liankun_Ren,OTHER,no,https://clinicaltrials.gov/study/NCT07016425
NCT05475340,Open Label Study for the Use of Transcranial Ultrasound Treatment of Tremor,Tremor; Parkinson Disease; Essential Tremor,UNKNOWN,EARLY_PHASE1,2022-07-13,2024-08-13,25,50,Neurological Associates of West Los Angeles,OTHER,no,https://clinicaltrials.gov/study/NCT05475340
NCT03253991,A Study to Evaluate the Effectiveness and Safety of ExAblate MRgFUS on Essential Tremor,Essential Tremor,TERMINATED,NA,2014-11-17,2023-02-02,43,154,InSightec,INDUSTRY,no,https://clinicaltrials.gov/study/NCT03253991
NCT04501484,Bilateral Essential Tremor Treatment With FUS,Essential Tremor,UNKNOWN,NA,2020-07-08,2025-12,9,19,"University Health Network, Toronto",OTHER,no,https://clinicaltrials.gov/study/NCT04501484
NCT05234762,"Efficacy, Safety, and Pharmacokinetics of ES-481 in Adult Patients With Essential Tremors","Tremor, Essential",UNKNOWN,PHASE2,2021-11-21,2023-12-31,33,24,ES Therapeutics Australia Pty Ltd,INDUSTRY,no,https://clinicaltrials.gov/study/NCT05234762
NCT02495883,Functional Imaging of Tremor Circuits and Mechanisms of Treatment Response,Essential Tremor; Tremor,COMPLETED,PHASE4,2013-12,2017-04,113,56,"University of California, San Diego",OTHER,yes,https://clinicaltrials.gov/study/NCT02495883
NCT04193527,A Study to Evaluate the Diagnostic Efficacy of DaTSCAN™ Ioflupane (123I) Injection in Single Photon Emission Computed Tomography (SPECT) for the Diagnosis of Parkinsonian Syndrome (PS) in Chinese Patients,Parkinsonian Syndrome; Parkinson Disease(PD); Multiple System Atrophy (MSA); Progressive Supranuclear Palsy (PSP); Essential Tremor,COMPLETED,PHASE3,2020-06-28,2021-12-20,57,172,GE Healthcare,INDUSTRY,yes,https://clinicaltrials.gov/study/NCT04193527
NCT03794661,Evaluation of the Infinity Deep Brain Stimulation Electrode Screening Mode Tool,Essential Tremor; Parkinson's Disease,COMPLETED,NA,2019-06-26,2020-12-16,69,8,Abbott Medical Devices,INDUSTRY,yes,https://clinicaltrials.gov/study/NCT03794661
NCT07417280,LIFUS For Neurological Disorders,Parkinson's Disease (PD); Essential Tremor; Orthostatic Tremor; Dystonia; Epilepsy; Substance Abuse Disorder; Deep Brain Stimulation,RECRUITING,NA,2025-12-02,2040-12-31,-171,50,"University Health Network, Toronto",OTHER,no,https://clinicaltrials.gov/study/NCT07417280
NCT01332695,A Pilot Efficacy and Safety Study of ST101 in Essential Tremor,Essential Tremor,COMPLETED,PHASE2,2011-04,2011-12,177,25,"Sonexa Therapeutics, Inc.",INDUSTRY,no,https://clinicaltrials.gov/study/NCT01332695
NCT02763865,A Pilot Study to Assess the Effects of Pre-SMA LF-rTMS for the Treatment of Essential Tremor,Essential Tremor,COMPLETED,NA,2014-07,2017-03-21,114,10,Medical University of South Carolina,OTHER,yes,https://clinicaltrials.gov/study/NCT02763865
NCT00848172,"Double-Blind, Placebo Controlled Pilot Study of Octanoic Acid in Essential Tremor",Essential Tremor,COMPLETED,PHASE1|PHASE2,2009-02,2010-11,190,29,National Institute of Neurological Disorders and Stroke (NINDS),NIH,yes,https://clinicaltrials.gov/study/NCT00848172
NCT07531238,Transcranial Temporal Interference Stimulation (tTIS) To Modulate Essential Tremor,Essential Tremor,NOT_YET_RECRUITING,NA,2026-05-26,2027-05,-8,6,"University Hospital, Geneva",OTHER,no,https://clinicaltrials.gov/study/NCT07531238
NCT02418858,Functional Outcomes of Awake vs. Asleep Deep Brain Stimulation (DBS) for Essential Tremor,Essential Tremor,WITHDRAWN,NA,2015-02,2017-06,111,,"St. Joseph's Hospital and Medical Center, Phoenix",OTHER,no,https://clinicaltrials.gov/study/NCT02418858
NCT00016679,1-Octanol to Treat Essential Tremor,Essential Tremor,COMPLETED,PHASE1,2001-05,2004-03,270,42,National Institute of Neurological Disorders and Stroke (NINDS),NIH,no,https://clinicaltrials.gov/study/NCT00016679
NCT07238725,The Efficacy of Aldehyde Dehydrogenase Enzyme in Essential Tremor Patients: A Single-Center Study,Essential Tremor,ENROLLING_BY_INVITATION,NA,2025-03-10,2026-02-28,7,40,"Pico Entech Co., Ltd.",INDUSTRY,no,https://clinicaltrials.gov/study/NCT07238725
NCT06974916,EMBRACE Tremor BiFUS,Essential Tremor,RECRUITING,NA,2025-04-22,2028-03,-18,100,InSightec,INDUSTRY,no,https://clinicaltrials.gov/study/NCT06974916
NCT03984643,Algorithms for Programming DBS Systems for ET,Essential Tremor,RECRUITING,NA,2019-10-01,2031-12-31,-63,25,University of Minnesota,OTHER,no,https://clinicaltrials.gov/study/NCT03984643
NCT04361955,Modulatory Effects of Deep Brain Stimulation on Cerebral Cortical Activity,DBS; Parkinson Disease; Essential Tremor; Healthy,COMPLETED,NA,2020-01-31,2023-08-10,37,66,The Cleveland Clinic,OTHER,no,https://clinicaltrials.gov/study/NCT04361955
NCT04501133,Sensory-specific Peripheral Stimulation for Tremor Management,Parkinson's Disease; Essential Tremor,SUSPENDED,NA,2020-09-01,2026-07-15,2,180,Shirley Ryan AbilityLab,OTHER,no,https://clinicaltrials.gov/study/NCT04501133
NCT05021991,A Clinical Trial of 2 Doses of PRAX-944 in Participants With Essential Tremor,Essential Tremor,COMPLETED,PHASE2,2021-10-14,2024-02-29,31,133,Praxis Precision Medicines,INDUSTRY,no,https://clinicaltrials.gov/study/NCT05021991
NCT00634478,Pre-lemniscal Radiation Deep Brain Stimulation for ET,Essential Tremor,WITHDRAWN,NA,2008-10,2011-01-19,188,,Medical College of Wisconsin,OTHER,no,https://clinicaltrials.gov/study/NCT00634478
NCT07574164,Closed-loop TMS for Tremor,Essential Tremor; Parkinson's Disease (PD),RECRUITING,NA,2024-01-01,2028-01-01,-16,20,University of Oxford,OTHER,no,https://clinicaltrials.gov/study/NCT07574164
NCT05671848,Electroclinical Correlates in Essential Tremor,Essential Tremor,COMPLETED,NA,2023-05-03,2025-11-26,10,10,"University Hospital, Bordeaux",OTHER,no,https://clinicaltrials.gov/study/NCT05671848
NCT00018564,Novel Therapies for Essential Tremor,Essential Tremor,COMPLETED,PHASE3,2000-10,2003-09,276,,US Department of Veterans Affairs,FED,no,https://clinicaltrials.gov/study/NCT00018564
NCT07433699,Image-Guided DBS Programming,Essential Tremor,NOT_YET_RECRUITING,NA,2026-09-01,2027-08-30,-11,20,University of Pennsylvania,OTHER,no,https://clinicaltrials.gov/study/NCT07433699
NCT01940406,The Essential Tremor (ET) and Parkinson Disease (PD) Tremor Acute Stimulation Study,Essential Tremor; Parkinson Disease,WITHDRAWN,NA,2013-10,2013-12,153,,BlueWind Medical,INDUSTRY,no,https://clinicaltrials.gov/study/NCT01940406
NCT01223144,Decision-making and Emotion Recognition in Essential Tremor,Essential Tremor,COMPLETED,NA,2010-09,2011-12,177,39,"University Hospital, Bordeaux",OTHER,no,https://clinicaltrials.gov/study/NCT01223144
NCT00998660,RECHARGE Sub-Study to the Implantable Systems Performance Registry (ISPR),Parkinson's Disease; Essential Tremor; Dystonia,COMPLETED,PHASE4,2009-07,2013-07,158,100,MedtronicNeuro,INDUSTRY,yes,https://clinicaltrials.gov/study/NCT00998660
NCT07103265,Developing a New LIFU Neuromodulation Method to Suppress Tremor,Essential Tremor,NOT_YET_RECRUITING,PHASE2,2025-09-15,2027-07-15,-10,20,University of Calgary,OTHER,no,https://clinicaltrials.gov/study/NCT07103265
NCT01978080,Continuous Tremor Assessment During Daily Activities,Essential Tremor,COMPLETED,NA,2013-10,,,39,Great Lakes NeuroTechnologies Inc.,INDUSTRY,no,https://clinicaltrials.gov/study/NCT01978080
NCT07074002,Proof of Concept Study on BP1.4979 Effect on Essential Tremor,Essential Tremor,RECRUITING,PHASE2,2025-09-17,2026-12,-3,50,Bioprojet,OTHER,no,https://clinicaltrials.gov/study/NCT07074002
NCT00102596,Clinical Trial Characterizing the Bioavailability of 1-Octanol in Adults With Ethanol-responsive Essential Tremor,Essential Tremor,COMPLETED,PHASE2,2005-01,2009-09,204,21,National Institute of Neurological Disorders and Stroke (NINDS),NIH,yes,https://clinicaltrials.gov/study/NCT00102596
NCT05366751,A Study to Evaluate the Long-term Safety and Tolerability of SAGE-324 in Participants With Essential Tremor,Essential Tremor,TERMINATED,PHASE2|PHASE3,2022-06-03,2024-09-10,24,97,Sage Therapeutics,INDUSTRY,yes,https://clinicaltrials.gov/study/NCT05366751
NCT00646451,Pregabalin in the Treatment of Essential Tremor,Essential Tremor,COMPLETED,EARLY_PHASE1,2006-06,2008-12,213,20,Baylor College of Medicine,OTHER,yes,https://clinicaltrials.gov/study/NCT00646451
NCT05173012,Study to Evaluate SAGE-324 in Participants With Essential Tremor,Essential Tremor,COMPLETED,PHASE2,2022-01-05,2024-05-16,28,146,Sage Therapeutics,INDUSTRY,yes,https://clinicaltrials.gov/study/NCT05173012
NCT07172295,Modulate Tremor Severity With Low-intensity Focused Ultrasound Stimulation Targeting the Deep Nucleus of Patients With Refractory Hand Tremor.,Parkinson Disease (PD); Essential Tremor; Dystonic Tremor; Continuous Theta Burst Stimulation Transcranial Focused Ultrasound,RECRUITING,NA,2025-06-11,2027-12-31,-15,12,National Taiwan University Hospital,OTHER,no,https://clinicaltrials.gov/study/NCT07172295
NCT05958030,GyroGlove Use in Essential Tremor Patients,Essential Tremor,NOT_YET_RECRUITING,NA,2025-07,2025-12,9,30,GyroGear Ltd,INDUSTRY,no,https://clinicaltrials.gov/study/NCT05958030
NCT03051178,Wearable Sensor for Responsive DBS for ET,Essential Tremor,COMPLETED,NA,2018-09-18,2021-09-29,60,17,University of Florida,OTHER,yes,https://clinicaltrials.gov/study/NCT03051178
NCT01764815,Evaluation of Directional Stimulation During the Implantation of Deep Brain Stimulation (DBS) Leads,Parkinson's Disease; Essential Tremor,COMPLETED,NA,2012-12,2013-11,154,13,Aleva Neurotherapeutics SA,INDUSTRY,no,https://clinicaltrials.gov/study/NCT01764815
NCT04286308,Cortical-Basal Ganglia Speech Networks,Parkinson Disease; Essential Tremor; Dystonia,RECRUITING,NA,2020-10-01,2027-02,-5,80,Massachusetts General Hospital,OTHER,no,https://clinicaltrials.gov/study/NCT04286308
NCT05122650,A Study To Assess the Safety and Efficacy of JZP385 in the Treatment of Adults With Moderate to Severe Essential Tremor (ET),Essential Tremor,COMPLETED,PHASE2,2021-12-06,2024-05-30,28,420,Jazz Pharmaceuticals,INDUSTRY,yes,https://clinicaltrials.gov/study/NCT05122650
NCT05965960,Investigating LFP Correlates of TUS in Patients With Movement Disorders,Parkinson Disease; Essential Tremor; Dystonia,UNKNOWN,NA,2023-05-18,2024-06-01,27,25,"University Health Network, Toronto",OTHER,no,https://clinicaltrials.gov/study/NCT05965960
NCT07820189,Effects of Microelectrode-based Brain Stimulation in Humans,Essential Tremor; Parkinsons Disease (PD),NOT_YET_RECRUITING,NA,2026-09,2030-03,-42,12,Lund University,OTHER,no,https://clinicaltrials.gov/study/NCT07820189
NCT06610877,Ultrasound Neuromodulation in Essential Tremor,Essential Tremor; Neuromodulation,RECRUITING,NA,2024-10-01,2027-03,-6,60,"University of California, San Francisco",OTHER,no,https://clinicaltrials.gov/study/NCT06610877
NCT06343285,Upper Limb Tremor Reduction in Essential Tremor Patients,Essential Tremor,COMPLETED,NA,2024-01-01,2024-11-12,22,71,"Encora, Inc.",INDUSTRY,no,https://clinicaltrials.gov/study/NCT06343285
NCT06036368,Study to Evaluate Safety and Efficacy of Peroneal Transcutaneous NeuroModulation in Subjects With Parkinson's Disease and Essential Tremor,Parkinson's Disease; Essential Tremor,COMPLETED,NA,2023-09-15,2024-06-30,27,23,Stimvia s.r.o.,INDUSTRY,no,https://clinicaltrials.gov/study/NCT06036368
NCT02978781,A Study to Evaluate SAGE-217 in Participants With Essential Tremor,Essential Tremor,COMPLETED,PHASE2,2017-03-24,2017-12-05,105,34,Biogen,INDUSTRY,yes,https://clinicaltrials.gov/study/NCT02978781
NCT07721272,Human Cognition During Surgery: Stimulation-based and Cholinergic Modulation,Epilepsy; Essential Tremor; Seizures; Memory Consolidation; Memory Disorders; Memory Replay; Memory Encoding; Cognitive Control; Motor Abilities,NOT_YET_RECRUITING,EARLY_PHASE1,2026-10,2030-09,-48,30,University of Texas Southwestern Medical Center,OTHER,no,https://clinicaltrials.gov/study/NCT07721272
NCT03487705,Essential Tremor in Children and Adolescent,Essential Tremor,TERMINATED,NA,2018-07-01,2021-07-02,62,18,"University Hospital, Montpellier",OTHER,no,https://clinicaltrials.gov/study/NCT03487705
NCT05177900,Interphase Gap in Biphasic Stimulation in DBS for ET,Essential Tremor,COMPLETED,NA,2021-12-01,2022-01-27,56,9,Myles Mc Laughlin,OTHER,no,https://clinicaltrials.gov/study/NCT05177900
NCT03760406,Optimization of VIM Targeting in Essential Tremor Surgery,Essential Tremor,COMPLETED,NA,2019-03-18,2023-08-29,37,22,"University Hospital, Bordeaux",OTHER,no,https://clinicaltrials.gov/study/NCT03760406
NCT05216250,Study of BOTOX Injections to Assess Change in Disease Symptoms in Adult Participants With Upper Limb Essential Tremor,Upper Limb Essential Tremor (UL ET),COMPLETED,PHASE2,2022-04-12,2025-02-03,19,174,AbbVie,INDUSTRY,no,https://clinicaltrials.gov/study/NCT05216250
NCT00439699,A Pilot Clinical Trial Of Memantine for Essential Tremor,Essential Tremor,COMPLETED,PHASE4,2007-02,2009-12,201,16,VA Greater Los Angeles Healthcare System,FED,no,https://clinicaltrials.gov/study/NCT00439699
NCT02960243,"Deep Brain Stimulation for Voice Tremor: Left, Right, or Both Hemispheres?","Essential Voice Tremor; Deep Brain Stimulation; Essential Tremor; Laryngeal Diseases; Action Tremor; Tremor, Nerve",COMPLETED,NA,2016-08,2020-12,69,6,University of British Columbia,OTHER,no,https://clinicaltrials.gov/study/NCT02960243
NCT05842434,Pilot Study of the Felix System in Patients With Essential Tremor and Parkinson's Tremor,Essential Tremor; Parkinson Disease,COMPLETED,NA,2023-06-06,2023-11-29,34,38,Fasikl Inc.,INDUSTRY,yes,https://clinicaltrials.gov/study/NCT05842434
NCT01468948,Octanoic Acid for Essential Tremor,Essential Tremor,COMPLETED,PHASE1,2011-10-28,2012-07-18,170,18,National Institute of Neurological Disorders and Stroke (NINDS),NIH,no,https://clinicaltrials.gov/study/NCT01468948
NCT04658641,Characterization of Complex Pulse Shapes in Deep Brain Stimulation for Movement Disorders Using EEG and Local Field Potential Recordings,Parkinson Disease; Essential Tremor,COMPLETED,NA,2020-12-14,2023-06-20,39,30,KU Leuven,OTHER,no,https://clinicaltrials.gov/study/NCT04658641
NCT03935581,Safety and Feasibility of ExAblate Neuro System to Perform Auto-Focusing Echo Imaging in Patients With Essential Tremor,"Tremor, Essential; Neurologic Manifestations; Tremor",COMPLETED,NA,2019-04-25,2020-04-28,77,20,InSightec,INDUSTRY,no,https://clinicaltrials.gov/study/NCT03935581
NCT01932463,ExAblate (Magnetic Resonance-guided Focused Ultrasound Surgery) for Treatment of Tremor,Tremor; Essential Tremor,COMPLETED,NA,2011-05,2013-07,158,6,InSightec,INDUSTRY,no,https://clinicaltrials.gov/study/NCT01932463
NCT04828798,Directional Versus Nondirectional DBS for ET,Essential Tremor,RECRUITING,NA,2021-04-01,2029-10-01,-37,24,Oregon Health and Science University,OTHER,no,https://clinicaltrials.gov/study/NCT04828798
NCT01579435,Experimental Therapeutics in Essential Tremor Using Transcranial Direct Current Stimulation,Essential Tremor,COMPLETED,NA,2012-04,2013-04,161,12,"Institut National de la Santé Et de la Recherche Médicale, France",OTHER_GOV,no,https://clinicaltrials.gov/study/NCT01579435
NCT01827904,ExAblate Transcranial MR Guided Focused Ultrasound for the Treatment of Essential Tremors,Essential Tremor,COMPLETED,NA,2013-05,2021-02-24,67,76,InSightec,INDUSTRY,yes,https://clinicaltrials.gov/study/NCT01827904
NCT02947841,The Effectiveness of Alternating Stimulation in Preventing Tolerance in Essential Tremor Patients,Essential Tremor; Deep Brain Stimulation,COMPLETED,NA,2016-10,2017-07,110,22,Oregon Health and Science University,OTHER,no,https://clinicaltrials.gov/study/NCT02947841
NCT03778060,Long-Term Transcutaneous Stimulation and Essential Tremor: A PET Study,Essential Tremor,ACTIVE_NOT_RECRUITING,NA,2019-02-11,2026-12,-3,20,Mayo Clinic,OTHER,no,https://clinicaltrials.gov/study/NCT03778060
NCT03811405,"Physiology, Imaging and Modeling of Essential Tremor",Essential Tremor; Parkinson Disease; Dystonia,COMPLETED,NA,2021-04-01,2025-06-01,15,12,University of Florida,OTHER,yes,https://clinicaltrials.gov/study/NCT03811405
NCT06570421,24-months Study to Evaluate Safety and Efficacy of Peroneal Transcutaneous NeuroModulation in Subjects With Parkinson's Disease and Essential Tremor,Parkinson Disease; Essential Tremor,RECRUITING,NA,2024-07-19,2026-12,-3,20,Stimvia s.r.o.,INDUSTRY,no,https://clinicaltrials.gov/study/NCT06570421
NCT07056348,Long-term Brain Stimulation of the Motor Ventral Thalamus (VOP/VIM) to Improve Motor Function,"Traumatic Brain Injury; Stroke; Brain Disease; Movement Disorders (Incl Parkinsonism); Central Nervous System Disease; Essential Tremor, Movement Disorders; Essential Tremor of Voice",RECRUITING,NA,2022-05-10,2030-12-31,-51,60,Jorge Gonzalez-Martinez,OTHER,no,https://clinicaltrials.gov/study/NCT07056348
NCT06331052,3-D Tractography FUS Ablation for Essential Tremor,Essential Tremor,RECRUITING,NA,2024-02-28,2028-02-28,-17,24,"University of North Carolina, Chapel Hill",OTHER,no,https://clinicaltrials.gov/study/NCT06331052
NCT02704793,Cerebellar rTMS for Essential Tremor,Essential Tremor,COMPLETED,NA,2016-04,2018-05,100,23,Mashhad University of Medical Sciences,OTHER,no,https://clinicaltrials.gov/study/NCT02704793
NCT00598078,"Multiple-dose,Double-blind,Placebo-controlled Study of Sodium Oxybate in Patients With Essential Tremor",Essential Tremor,COMPLETED,PHASE2,2007-12,2008-12,213,19,Jazz Pharmaceuticals,INDUSTRY,yes,https://clinicaltrials.gov/study/NCT00598078
NCT01864525,Effects of Octanoic Acid for Treatment of Essential Voice Tremor,Essential Voice Tremor; Vocal Tremor; Voice Tremor; Essential Tremor of Voice,COMPLETED,PHASE1|PHASE2,2013-07,2017-03-31,114,17,Syracuse University,OTHER,yes,https://clinicaltrials.gov/study/NCT01864525
NCT02678429,Atlas Predicted DBS Settings in Essential Tremor,Essential Tremor,TERMINATED,NA,2016-09,2021-11-19,58,4,Vanderbilt University,OTHER,yes,https://clinicaltrials.gov/study/NCT02678429
NCT02087046,Deep Brain Stimulation (DBS) for the Suppression of Tremor,"Tremor; Action Tremor; Essential Tremor; Tremor, Limb",COMPLETED,NA,2005-10,2017-12,105,127,Abbott Medical Devices,INDUSTRY,yes,https://clinicaltrials.gov/study/NCT02087046
NCT02207946,Botulinum Toxin A to Treat Arm Tremor,Essential Tremor of the Upper Limbs,COMPLETED,PHASE2,2014-12-05,2016-09-26,120,30,Merz Pharmaceuticals GmbH,INDUSTRY,yes,https://clinicaltrials.gov/study/NCT02207946
NCT04112381,Bilateral Treatment of Medication Refractory Essential Tremor,Essential Tremor,ACTIVE_NOT_RECRUITING,NA,2020-06-30,2026-06,3,51,InSightec,INDUSTRY,no,https://clinicaltrials.gov/study/NCT04112381
NCT03074422,Effectiveness and Reliability of Hypnosis in Stereotaxy,"Parkinson Disease; Tremor, Essential; Dystonia, Primary",UNKNOWN,NA,2017-07-01,2020-07-30,74,22,"University Hospital, Geneva",OTHER,no,https://clinicaltrials.gov/study/NCT03074422
NCT04305275,"A Study to Evaluate the Efficacy, Safety, and Tolerability of SAGE-324 in Participants With Essential Tremor",Essential Tremor,COMPLETED,PHASE2,2020-05-19,2021-02-15,67,69,Sage Therapeutics,INDUSTRY,yes,https://clinicaltrials.gov/study/NCT04305275
NCT07599592,Open Label Study for the Use of Low Intensity Focused Ultrasound for Essential Tremor,Essential Tremor,RECRUITING,EARLY_PHASE1,2026-05-01,2027-06-01,-9,20,"University of California, Los Angeles",OTHER,no,https://clinicaltrials.gov/study/NCT07599592
